name,asked_to_start_date
R-K1-8-1,2024-06-22T23:27:31
R-K1-8-2,2024-06-22T23:27:32
R-K1-8-3,2024-06-22T23:27:32
R-K1-8-4,2024-06-22T23:27:33
R-K1-8-5,2024-06-22T23:27:34
R-K1-8-6,2024-06-22T23:27:34
R-K1-8-7,2024-06-22T23:27:35
R-K1-8-8,2024-06-22T23:27:35
