name,run_number,created,started,ended,status,asked_to_start_date,collected_date
R-K1-8-8,1,2024-06-22T23:27:29,2024-06-22T23:29:38,2024-06-22T23:49:19,finished,2024-06-22T23:27:35,2024-06-22T23:50:10
R-K1-8-7,1,2024-06-22T23:27:27,2024-06-22T23:29:19,2024-06-22T23:49:23,finished,2024-06-22T23:27:35,2024-06-22T23:50:10
R-K1-8-6,1,2024-06-22T23:27:25,2024-06-22T23:29:05,2024-06-22T23:49:10,finished,2024-06-22T23:27:34,2024-06-22T23:50:10
R-K1-8-5,1,2024-06-22T23:27:23,2024-06-22T23:28:49,2024-06-22T23:49:12,finished,2024-06-22T23:27:34,2024-06-22T23:50:10
R-K1-8-4,1,2024-06-22T23:27:21,2024-06-22T23:28:33,2024-06-22T23:49:15,finished,2024-06-22T23:27:33,2024-06-22T23:50:10
R-K1-8-3,1,2024-06-22T23:27:19,2024-06-22T23:28:17,2024-06-22T23:48:11,finished,2024-06-22T23:27:32,2024-06-22T23:50:10
R-K1-8-2,1,2024-06-22T23:27:17,2024-06-22T23:28:02,2024-06-22T23:47:35,finished,2024-06-22T23:27:32,2024-06-22T23:50:10
R-K1-8-1,1,2024-06-22T23:27:15,2024-06-22T23:27:46,2024-06-22T23:46:33,finished,2024-06-22T23:27:31,2024-06-22T23:50:10
